"File","Bytes","LastWriteTime","SHA256"
"2026-08-14_skill-install-security-report.md","9024","2026-08-14 01:57:42 +08:00","50DD9F45A850A3CA6D6BDFD7B133A114567AD6867D8637983BE3E9881F37876E"
"anything-analyzer-abi-repair.log","1791","2026-08-14 03:58:19 +08:00","E9287925C8288C9FB2D71AA4F230EC5F459F4F2E7836F7D76F48B0AA47F27443"
"anything-analyzer-final.log","532","2026-08-14 04:05:37 +08:00","169191FC7E910097EA0E5143D94924CB4A7A85C2F22F3C06A1994C74EE6EB9E0"
"anything-analyzer-install.log","532","2026-08-14 03:40:54 +08:00","59174825609830F521AE44F6A8FE1B305231CFC110369715DEC526C1968BC3FA"
"anything-analyzer-retry.log","413","2026-08-14 03:50:20 +08:00","3FF58EB37868EA4C20CA4181D76A3F7CC2639E1F1CA3022543509510256BEA6B"
"anything-analyzer-runtime.err.log","409","2026-08-14 05:32:43 +08:00","2715A19B06465F0635307354AB2DC7054382242E59253F16317DAEEDF923D295"
"anything-analyzer-runtime.log","1460","2026-08-14 05:32:46 +08:00","A7043700DEFDA2878D87E4065FB52EEF0732653D95B70A51F504D147F0830BEE"
"anything-analyzer-success.log","258","2026-08-14 04:11:29 +08:00","19A79B0FDDAFCA3BF31C6F08E6F0E60810E5A4022517B19A20D8EA2992E985D9"
"archive-retry.log","1068","2026-08-14 03:21:33 +08:00","92F24BC75B7F221C0777A26AB3142DF30B9583B327AD6F49B3BA100F2FF7371C"
"binwalk-install.log","10240","2026-08-14 04:40:02 +08:00","7F6A3E1B28EC01143D34C660B83262232216897F6859229957CFAE8542D0ECF3"
"binwalk-security-audit.log","5411","2026-08-14 04:37:36 +08:00","ECEB02B253369229928D6583DA851B88BF428FBFFA70D637C4DD8D0A5E8A40F5"
"case-review.md","651","2026-08-14 01:58:43 +08:00","CCAE3D4C8E1CAACBDE0BFFE64975CD8A66BF3D95B3F2CE2AD42EC42A16B6DEE3"
"codex-config-write-regression.log","154","2026-08-14 05:36:07 +08:00","437C84BA9F8FB5F04BF470B37A8AB165D29CA79A35CD82326F7CDF91E78E30ED"
"codex-doctor-compact-attempt.log","116","2026-08-14 05:53:22 +08:00","0967DB5863B2044712A1D6E934F188405CC58B7526746B6FA7181A0C35267860"
"codex-doctor.log","10101","2026-08-14 04:46:43 +08:00","E1D1F9CD66E5D33F59A6BC83DB18C432C165886107D360E69D01F258907CA3AE"
"config-fix-coherence.log","13523","2026-08-14 04:09:40 +08:00","D17E444FF3B043BAD5C5A8D955062EAFA6EB766A8B5E247FD814F247825897A9"
"config-fix-routing.log","222","2026-08-14 04:09:15 +08:00","420A60D6FB0B1D0A1EF92DDB1B3C6A2919BA01AED42949B34D42B62B6B3DD9C5"
"config-fix-smoke.log","1081","2026-08-14 04:10:17 +08:00","0BF80EEA0D3B9A2169B6302EC2CAAD76D49E6398CD17D92EB698EF8E6548CEEC"
"encoding-fix-coherence.log","8959","2026-08-14 04:44:21 +08:00","D058DED3F8748DD90C86399C57075B08F91273AEB595E47D35CCA316A33EA885"
"encoding-fix-routing.log","48","2026-08-14 04:43:49 +08:00","6E74CDCF54482C59776E2C76DD40EC528141F988016A74B6E1E3E8F546F103A0"
"final-coherence.log","13523","2026-08-14 05:42:35 +08:00","12806B2542A4787FD446E31DF0ED01ADA6F832D14A702F301CD9330C1FF56CB1"
"final-file-change-list.csv","4849","2026-08-14 06:02:02 +08:00","87F9CFFE6B30F7D8C4619461318DED37306BC3C99819E45DACD3F168A1E3E554"
"final-fix-coherence.log","13523","2026-08-14 04:01:32 +08:00","1559539F950B7BE6670EA82E342EAB165AEDB84E75F30A45E8FD936C6CAF402C"
"final-fix-routing.log","222","2026-08-14 04:01:02 +08:00","DE05BBB27661A67FD1DEB18A92E5ED507F998AF0FEE549F786023BAA046F15C6"
"final-fix-smoke.log","1081","2026-08-14 04:02:14 +08:00","4F83D3317978DB8F2CD758F784923385371CDABFA7F9B11F8A3F249539D1E3CC"
"final-install-summary.md","5300","2026-08-14 06:02:02 +08:00","BB23F4DD592361E0930593DB7EA624DE96FD141369498005735BB0BA38E37865"
"final-routing-summary.txt","122","2026-08-14 05:45:47 +08:00","7C7E6D38293971CADF0B215BA2C5ED20778E34E7064797A79B6893504C88BAFF"
"final-routing.log","48","2026-08-14 05:40:40 +08:00","6E74CDCF54482C59776E2C76DD40EC528141F988016A74B6E1E3E8F546F103A0"
"final-smoke.log","1081","2026-08-14 05:46:57 +08:00","EF97DEF6D978E6A18425F616061DAB2BADB89CFAE68A1B0F324A008DD046CA9B"
"final-tool-index-refresh.log","194","2026-08-14 05:38:56 +08:00","6F9DE2A8C3BF4D31691E32D6ABD7A3B9AADF5F7E43BA108CBC7550B21C122E84"
"ghidra-plugin-install.log","603717","2026-08-14 04:03:27 +08:00","022E39F1EBB0B58D95895BAE22432FA34AA0740C68E4648A0C09401DC9BA6986"
"passive-install-resume.log","8127","2026-08-14 03:01:27 +08:00","8837DA2CE6ED909A0E4F949B0DBF01DA9BB90BA9DAF92C598A9862EDF1ABEC98"
"passive-install.log","1512","2026-08-14 02:42:10 +08:00","D32E3D281CB63540E79FD45E05C4B60D12B1F788A0A09365148800DE2BD23FD6"
"proxycat-install.log","5700","2026-08-14 04:17:53 +08:00","1CAFFEAFFF6067752487E17E45A41E4ABCE502A16596EEE75D273FD86B72B307"
"rustup-install.log","414","2026-08-14 04:20:45 +08:00","B52F1650701FBC73B9ADC843CCD7204C2856C2170E4BFB61A88D6814D9D64DD3"
